system:index,CD_2DIG,CD_NEW,CLIMDIV,FIPS_CD,NAME,NCDC_GEO_I,OBJECTID,SHAPE_AREA,SHAPE_LEN,STATE,STATE_CODE,STATE_FIPS,ST_ABBRV,mean,.geo
00000000000000000000,02,2,2402,3002,SOUTHWESTERN,167.0,257,0.0,0.0,Montana,24,30,MT,0.015182073197861369,
00000000000000000001,05,5,2405,3005,SOUTH CENTRAL,168.0,258,0.0,0.0,Montana,24,30,MT,-0.029785234724888553,
00000000000000000002,07,7,2407,3007,SOUTHEASTERN,169.0,259,0.0,0.0,Montana,24,30,MT,0.003405748024586192,
00000000000000000003,01,1,2401,3001,WESTERN,163.0,253,0.0,0.0,Montana,24,30,MT,0.040665472844116014,
00000000000000000004,03,3,2403,3003,NORTH CENTRAL,164.0,254,0.0,0.0,Montana,24,30,MT,8.955193269612149E-4,
00000000000000000005,06,6,2406,3006,NORTHEASTERN,165.0,255,0.0,0.0,Montana,24,30,MT,0.01100711840047177,
00000000000000000006,04,4,2404,3004,CENTRAL,166.0,256,0.0,0.0,Montana,24,30,MT,-0.017660876528906515,
